<annotation>
	<folder>car</folder>
	<filename>108.jpg</filename>
	<path>C:\Users\am\Desktop\sanaz\car\108.jpg</path>
	<source>
		<database>Unknown</database>
	</source>
	<size>
		<width>666</width>
		<height>373</height>
		<depth>3</depth>
	</size>
	<segmented>0</segmented>
	<object>
		<name>car</name>
		<pose>Unspecified</pose>
		<truncated>0</truncated>
		<difficult>0</difficult>
		<bndbox>
			<xmin>492</xmin>
			<ymin>207</ymin>
			<xmax>586</xmax>
			<ymax>262</ymax>
		</bndbox>
	</object>
</annotation>
