<annotation>
	<folder>car</folder>
	<filename>117.jpg</filename>
	<path>C:\Users\am\Desktop\sanaz\car\117.jpg</path>
	<source>
		<database>Unknown</database>
	</source>
	<size>
		<width>312</width>
		<height>416</height>
		<depth>3</depth>
	</size>
	<segmented>0</segmented>
	<object>
		<name>car</name>
		<pose>Unspecified</pose>
		<truncated>0</truncated>
		<difficult>0</difficult>
		<bndbox>
			<xmin>97</xmin>
			<ymin>299</ymin>
			<xmax>196</xmax>
			<ymax>321</ymax>
		</bndbox>
	</object>
</annotation>
