<annotation>
	<folder>car</folder>
	<filename>120.jpg</filename>
	<path>C:\Users\am\Desktop\sanaz\car\120.jpg</path>
	<source>
		<database>Unknown</database>
	</source>
	<size>
		<width>234</width>
		<height>416</height>
		<depth>3</depth>
	</size>
	<segmented>0</segmented>
	<object>
		<name>car</name>
		<pose>Unspecified</pose>
		<truncated>0</truncated>
		<difficult>0</difficult>
		<bndbox>
			<xmin>23</xmin>
			<ymin>190</ymin>
			<xmax>75</xmax>
			<ymax>218</ymax>
		</bndbox>
	</object>
</annotation>
