<annotation>
	<folder>car</folder>
	<filename>133.jpg</filename>
	<path>C:\Users\am\Desktop\sanaz\car\133.jpg</path>
	<source>
		<database>Unknown</database>
	</source>
	<size>
		<width>1046</width>
		<height>745</height>
		<depth>3</depth>
	</size>
	<segmented>0</segmented>
	<object>
		<name>car</name>
		<pose>Unspecified</pose>
		<truncated>0</truncated>
		<difficult>0</difficult>
		<bndbox>
			<xmin>387</xmin>
			<ymin>481</ymin>
			<xmax>519</xmax>
			<ymax>516</ymax>
		</bndbox>
	</object>
	<object>
		<name>car</name>
		<pose>Unspecified</pose>
		<truncated>0</truncated>
		<difficult>0</difficult>
		<bndbox>
			<xmin>931</xmin>
			<ymin>476</ymin>
			<xmax>960</xmax>
			<ymax>485</ymax>
		</bndbox>
	</object>
</annotation>
