<annotation>
	<folder>car</folder>
	<filename>134.jpg</filename>
	<path>C:\Users\am\Desktop\sanaz\car\134.jpg</path>
	<source>
		<database>Unknown</database>
	</source>
	<size>
		<width>550</width>
		<height>550</height>
		<depth>3</depth>
	</size>
	<segmented>0</segmented>
	<object>
		<name>car</name>
		<pose>Unspecified</pose>
		<truncated>0</truncated>
		<difficult>0</difficult>
		<bndbox>
			<xmin>183</xmin>
			<ymin>359</ymin>
			<xmax>348</xmax>
			<ymax>396</ymax>
		</bndbox>
	</object>
</annotation>
