<annotation>
	<folder>car</folder>
	<filename>135.jpg</filename>
	<path>C:\Users\am\Desktop\sanaz\car\135.jpg</path>
	<source>
		<database>Unknown</database>
	</source>
	<size>
		<width>840</width>
		<height>540</height>
		<depth>3</depth>
	</size>
	<segmented>0</segmented>
	<object>
		<name>car</name>
		<pose>Unspecified</pose>
		<truncated>0</truncated>
		<difficult>0</difficult>
		<bndbox>
			<xmin>247</xmin>
			<ymin>348</ymin>
			<xmax>429</xmax>
			<ymax>398</ymax>
		</bndbox>
	</object>
</annotation>
