<annotation>
	<folder>car</folder>
	<filename>137.jpg</filename>
	<path>C:\Users\am\Desktop\sanaz\car\137.jpg</path>
	<source>
		<database>Unknown</database>
	</source>
	<size>
		<width>275</width>
		<height>183</height>
		<depth>3</depth>
	</size>
	<segmented>0</segmented>
	<object>
		<name>car</name>
		<pose>Unspecified</pose>
		<truncated>0</truncated>
		<difficult>0</difficult>
		<bndbox>
			<xmin>210</xmin>
			<ymin>137</ymin>
			<xmax>254</xmax>
			<ymax>152</ymax>
		</bndbox>
	</object>
</annotation>
