<annotation>
	<folder>car</folder>
	<filename>141.jpg</filename>
	<path>C:\Users\am\Desktop\sanaz\car\141.jpg</path>
	<source>
		<database>Unknown</database>
	</source>
	<size>
		<width>500</width>
		<height>409</height>
		<depth>3</depth>
	</size>
	<segmented>0</segmented>
	<object>
		<name>car</name>
		<pose>Unspecified</pose>
		<truncated>0</truncated>
		<difficult>0</difficult>
		<bndbox>
			<xmin>267</xmin>
			<ymin>226</ymin>
			<xmax>391</xmax>
			<ymax>255</ymax>
		</bndbox>
	</object>
</annotation>
