<annotation>
	<folder>car</folder>
	<filename>161.jpg</filename>
	<path>C:\Users\am\Desktop\sanaz\car\161.jpg</path>
	<source>
		<database>Unknown</database>
	</source>
	<size>
		<width>553</width>
		<height>416</height>
		<depth>3</depth>
	</size>
	<segmented>0</segmented>
	<object>
		<name>car</name>
		<pose>Unspecified</pose>
		<truncated>1</truncated>
		<difficult>0</difficult>
		<bndbox>
			<xmin>498</xmin>
			<ymin>166</ymin>
			<xmax>553</xmax>
			<ymax>203</ymax>
		</bndbox>
	</object>
</annotation>
