<annotation>
	<folder>car</folder>
	<filename>180.jpg</filename>
	<path>C:\Users\am\Desktop\sanaz\car\180.jpg</path>
	<source>
		<database>Unknown</database>
	</source>
	<size>
		<width>234</width>
		<height>416</height>
		<depth>3</depth>
	</size>
	<segmented>0</segmented>
	<object>
		<name>car</name>
		<pose>Unspecified</pose>
		<truncated>0</truncated>
		<difficult>0</difficult>
		<bndbox>
			<xmin>128</xmin>
			<ymin>210</ymin>
			<xmax>199</xmax>
			<ymax>247</ymax>
		</bndbox>
	</object>
</annotation>
