<annotation>
	<folder>car</folder>
	<filename>221.jpg</filename>
	<path>C:\Users\am\Desktop\sanaz\car\221.jpg</path>
	<source>
		<database>Unknown</database>
	</source>
	<size>
		<width>666</width>
		<height>299</height>
		<depth>3</depth>
	</size>
	<segmented>0</segmented>
	<object>
		<name>car</name>
		<pose>Unspecified</pose>
		<truncated>0</truncated>
		<difficult>0</difficult>
		<bndbox>
			<xmin>421</xmin>
			<ymin>152</ymin>
			<xmax>528</xmax>
			<ymax>218</ymax>
		</bndbox>
	</object>
	<object>
		<name>car</name>
		<pose>Unspecified</pose>
		<truncated>0</truncated>
		<difficult>0</difficult>
		<bndbox>
			<xmin>137</xmin>
			<ymin>18</ymin>
			<xmax>156</xmax>
			<ymax>31</ymax>
		</bndbox>
	</object>
</annotation>
