<annotation>
	<folder>car</folder>
	<filename>237.jpg</filename>
	<path>C:\Users\am\Desktop\sanaz\car\237.jpg</path>
	<source>
		<database>Unknown</database>
	</source>
	<size>
		<width>297</width>
		<height>170</height>
		<depth>3</depth>
	</size>
	<segmented>0</segmented>
	<object>
		<name>car</name>
		<pose>Unspecified</pose>
		<truncated>0</truncated>
		<difficult>0</difficult>
		<bndbox>
			<xmin>231</xmin>
			<ymin>120</ymin>
			<xmax>269</xmax>
			<ymax>136</ymax>
		</bndbox>
	</object>
</annotation>
