<annotation>
	<folder>car</folder>
	<filename>242.jpg</filename>
	<path>C:\Users\am\Desktop\sanaz\car\242.jpg</path>
	<source>
		<database>Unknown</database>
	</source>
	<size>
		<width>750</width>
		<height>812</height>
		<depth>3</depth>
	</size>
	<segmented>0</segmented>
	<object>
		<name>car</name>
		<pose>Unspecified</pose>
		<truncated>0</truncated>
		<difficult>0</difficult>
		<bndbox>
			<xmin>240</xmin>
			<ymin>351</ymin>
			<xmax>463</xmax>
			<ymax>397</ymax>
		</bndbox>
	</object>
</annotation>
