<annotation>
	<folder>car</folder>
	<filename>245.jpg</filename>
	<path>C:\Users\am\Desktop\sanaz\car\245.jpg</path>
	<source>
		<database>Unknown</database>
	</source>
	<size>
		<width>749</width>
		<height>457</height>
		<depth>3</depth>
	</size>
	<segmented>0</segmented>
	<object>
		<name>car</name>
		<pose>Unspecified</pose>
		<truncated>0</truncated>
		<difficult>0</difficult>
		<bndbox>
			<xmin>492</xmin>
			<ymin>275</ymin>
			<xmax>592</xmax>
			<ymax>305</ymax>
		</bndbox>
	</object>
</annotation>
