<annotation>
	<folder>car</folder>
	<filename>272.jpg</filename>
	<path>C:\Users\am\Desktop\sanaz\car\272.jpg</path>
	<source>
		<database>Unknown</database>
	</source>
	<size>
		<width>666</width>
		<height>307</height>
		<depth>3</depth>
	</size>
	<segmented>0</segmented>
	<object>
		<name>car</name>
		<pose>Unspecified</pose>
		<truncated>0</truncated>
		<difficult>0</difficult>
		<bndbox>
			<xmin>242</xmin>
			<ymin>167</ymin>
			<xmax>331</xmax>
			<ymax>190</ymax>
		</bndbox>
	</object>
	<object>
		<name>car</name>
		<pose>Unspecified</pose>
		<truncated>0</truncated>
		<difficult>0</difficult>
		<bndbox>
			<xmin>464</xmin>
			<ymin>76</ymin>
			<xmax>495</xmax>
			<ymax>86</ymax>
		</bndbox>
	</object>
</annotation>
