<annotation>
	<folder>car</folder>
	<filename>300.jpg</filename>
	<path>C:\Users\am\Desktop\sanaz\car\300.jpg</path>
	<source>
		<database>Unknown</database>
	</source>
	<size>
		<width>312</width>
		<height>416</height>
		<depth>3</depth>
	</size>
	<segmented>0</segmented>
	<object>
		<name>car</name>
		<pose>Unspecified</pose>
		<truncated>0</truncated>
		<difficult>0</difficult>
		<bndbox>
			<xmin>101</xmin>
			<ymin>220</ymin>
			<xmax>175</xmax>
			<ymax>240</ymax>
		</bndbox>
	</object>
	<object>
		<name>car</name>
		<pose>Unspecified</pose>
		<truncated>1</truncated>
		<difficult>0</difficult>
		<bndbox>
			<xmin>282</xmin>
			<ymin>161</ymin>
			<xmax>312</xmax>
			<ymax>172</ymax>
		</bndbox>
	</object>
</annotation>
