<annotation>
	<folder>car</folder>
	<filename>311.jpg</filename>
	<path>C:\Users\am\Desktop\sanaz\car\311.jpg</path>
	<source>
		<database>Unknown</database>
	</source>
	<size>
		<width>554</width>
		<height>416</height>
		<depth>3</depth>
	</size>
	<segmented>0</segmented>
	<object>
		<name>car</name>
		<pose>Unspecified</pose>
		<truncated>0</truncated>
		<difficult>0</difficult>
		<bndbox>
			<xmin>21</xmin>
			<ymin>262</ymin>
			<xmax>107</xmax>
			<ymax>330</ymax>
		</bndbox>
	</object>
</annotation>
