<annotation>
	<folder>car</folder>
	<filename>319.jpg</filename>
	<path>C:\Users\am\Desktop\sanaz\car\319.jpg</path>
	<source>
		<database>Unknown</database>
	</source>
	<size>
		<width>556</width>
		<height>416</height>
		<depth>3</depth>
	</size>
	<segmented>0</segmented>
	<object>
		<name>car</name>
		<pose>Unspecified</pose>
		<truncated>0</truncated>
		<difficult>0</difficult>
		<bndbox>
			<xmin>209</xmin>
			<ymin>208</ymin>
			<xmax>328</xmax>
			<ymax>239</ymax>
		</bndbox>
	</object>
</annotation>
