<annotation>
	<folder>car</folder>
	<filename>356.jpg</filename>
	<path>C:\Users\am\Desktop\sanaz\car\356.jpg</path>
	<source>
		<database>Unknown</database>
	</source>
	<size>
		<width>284</width>
		<height>178</height>
		<depth>3</depth>
	</size>
	<segmented>0</segmented>
	<object>
		<name>car</name>
		<pose>Unspecified</pose>
		<truncated>0</truncated>
		<difficult>0</difficult>
		<bndbox>
			<xmin>93</xmin>
			<ymin>108</ymin>
			<xmax>200</xmax>
			<ymax>131</ymax>
		</bndbox>
	</object>
</annotation>
