<annotation>
	<folder>car</folder>
	<filename>357.jpg</filename>
	<path>C:\Users\am\Desktop\sanaz\car\357.jpg</path>
	<source>
		<database>Unknown</database>
	</source>
	<size>
		<width>512</width>
		<height>512</height>
		<depth>3</depth>
	</size>
	<segmented>0</segmented>
	<object>
		<name>car</name>
		<pose>Unspecified</pose>
		<truncated>0</truncated>
		<difficult>0</difficult>
		<bndbox>
			<xmin>207</xmin>
			<ymin>306</ymin>
			<xmax>400</xmax>
			<ymax>366</ymax>
		</bndbox>
	</object>
</annotation>
