<annotation>
	<folder>car</folder>
	<filename>358.jpg</filename>
	<path>C:\Users\am\Desktop\sanaz\car\358.jpg</path>
	<source>
		<database>Unknown</database>
	</source>
	<size>
		<width>512</width>
		<height>512</height>
		<depth>3</depth>
	</size>
	<segmented>0</segmented>
	<object>
		<name>car</name>
		<pose>Unspecified</pose>
		<truncated>0</truncated>
		<difficult>0</difficult>
		<bndbox>
			<xmin>196</xmin>
			<ymin>191</ymin>
			<xmax>359</xmax>
			<ymax>277</ymax>
		</bndbox>
	</object>
</annotation>
