<annotation>
	<folder>car</folder>
	<filename>370.jpg</filename>
	<path>C:\Users\am\Desktop\sanaz\car\370.jpg</path>
	<source>
		<database>Unknown</database>
	</source>
	<size>
		<width>666</width>
		<height>299</height>
		<depth>3</depth>
	</size>
	<segmented>0</segmented>
	<object>
		<name>car</name>
		<pose>Unspecified</pose>
		<truncated>0</truncated>
		<difficult>0</difficult>
		<bndbox>
			<xmin>32</xmin>
			<ymin>172</ymin>
			<xmax>130</xmax>
			<ymax>220</ymax>
		</bndbox>
	</object>
	<object>
		<name>car</name>
		<pose>Unspecified</pose>
		<truncated>0</truncated>
		<difficult>0</difficult>
		<bndbox>
			<xmin>425</xmin>
			<ymin>61</ymin>
			<xmax>450</xmax>
			<ymax>70</ymax>
		</bndbox>
	</object>
</annotation>
