<annotation>
	<folder>newCar</folder>
	<filename>437.jpg</filename>
	<path>C:\Users\am\Desktop\sanaz\newCar\437.jpg</path>
	<source>
		<database>Unknown</database>
	</source>
	<size>
		<width>416</width>
		<height>416</height>
		<depth>3</depth>
	</size>
	<segmented>0</segmented>
	<object>
		<name>car</name>
		<pose>Unspecified</pose>
		<truncated>0</truncated>
		<difficult>0</difficult>
		<bndbox>
			<xmin>98</xmin>
			<ymin>230</ymin>
			<xmax>162</xmax>
			<ymax>274</ymax>
		</bndbox>
	</object>
</annotation>
