<annotation>
	<folder>newCar</folder>
	<filename>441.jpg</filename>
	<path>C:\Users\am\Desktop\sanaz\newCar\441.jpg</path>
	<source>
		<database>Unknown</database>
	</source>
	<size>
		<width>295</width>
		<height>171</height>
		<depth>3</depth>
	</size>
	<segmented>0</segmented>
	<object>
		<name>car</name>
		<pose>Unspecified</pose>
		<truncated>0</truncated>
		<difficult>0</difficult>
		<bndbox>
			<xmin>117</xmin>
			<ymin>118</ymin>
			<xmax>179</xmax>
			<ymax>131</ymax>
		</bndbox>
	</object>
</annotation>
