<annotation>
	<folder>newCar</folder>
	<filename>445.jpg</filename>
	<path>C:\Users\am\Desktop\sanaz\newCar\445.jpg</path>
	<source>
		<database>Unknown</database>
	</source>
	<size>
		<width>225</width>
		<height>225</height>
		<depth>3</depth>
	</size>
	<segmented>0</segmented>
	<object>
		<name>car</name>
		<pose>Unspecified</pose>
		<truncated>0</truncated>
		<difficult>0</difficult>
		<bndbox>
			<xmin>59</xmin>
			<ymin>168</ymin>
			<xmax>99</xmax>
			<ymax>193</ymax>
		</bndbox>
	</object>
</annotation>
