<annotation>
	<folder>car</folder>
	<filename>132.jpg</filename>
	<path>C:\Users\am\Desktop\sanaz\car\132.jpg</path>
	<source>
		<database>Unknown</database>
	</source>
	<size>
		<width>279</width>
		<height>180</height>
		<depth>3</depth>
	</size>
	<segmented>0</segmented>
	<object>
		<name>car</name>
		<pose>Unspecified</pose>
		<truncated>0</truncated>
		<difficult>0</difficult>
		<bndbox>
			<xmin>92</xmin>
			<ymin>95</ymin>
			<xmax>146</xmax>
			<ymax>109</ymax>
		</bndbox>
	</object>
</annotation>
