<annotation>
	<folder>car</folder>
	<filename>151.jpg</filename>
	<path>C:\Users\am\Desktop\sanaz\car\151.jpg</path>
	<source>
		<database>Unknown</database>
	</source>
	<size>
		<width>269</width>
		<height>187</height>
		<depth>3</depth>
	</size>
	<segmented>0</segmented>
	<object>
		<name>car</name>
		<pose>Unspecified</pose>
		<truncated>0</truncated>
		<difficult>0</difficult>
		<bndbox>
			<xmin>39</xmin>
			<ymin>113</ymin>
			<xmax>228</xmax>
			<ymax>159</ymax>
		</bndbox>
	</object>
</annotation>
