<annotation>
	<folder>car</folder>
	<filename>170.jpg</filename>
	<path>C:\Users\am\Desktop\sanaz\car\170.jpg</path>
	<source>
		<database>Unknown</database>
	</source>
	<size>
		<width>312</width>
		<height>416</height>
		<depth>3</depth>
	</size>
	<segmented>0</segmented>
	<object>
		<name>car</name>
		<pose>Unspecified</pose>
		<truncated>0</truncated>
		<difficult>0</difficult>
		<bndbox>
			<xmin>36</xmin>
			<ymin>293</ymin>
			<xmax>81</xmax>
			<ymax>319</ymax>
		</bndbox>
	</object>
</annotation>
