<annotation>
	<folder>car</folder>
	<filename>178.jpg</filename>
	<path>C:\Users\am\Desktop\sanaz\car\178.jpg</path>
	<source>
		<database>Unknown</database>
	</source>
	<size>
		<width>554</width>
		<height>416</height>
		<depth>3</depth>
	</size>
	<segmented>0</segmented>
	<object>
		<name>car</name>
		<pose>Unspecified</pose>
		<truncated>0</truncated>
		<difficult>0</difficult>
		<bndbox>
			<xmin>85</xmin>
			<ymin>199</ymin>
			<xmax>159</xmax>
			<ymax>249</ymax>
		</bndbox>
	</object>
</annotation>
