<annotation>
	<folder>car</folder>
	<filename>183.jpg</filename>
	<path>C:\Users\am\Desktop\sanaz\car\183.jpg</path>
	<source>
		<database>Unknown</database>
	</source>
	<size>
		<width>554</width>
		<height>416</height>
		<depth>3</depth>
	</size>
	<segmented>0</segmented>
	<object>
		<name>car</name>
		<pose>Unspecified</pose>
		<truncated>1</truncated>
		<difficult>0</difficult>
		<bndbox>
			<xmin>466</xmin>
			<ymin>245</ymin>
			<xmax>554</xmax>
			<ymax>280</ymax>
		</bndbox>
	</object>
</annotation>
