<annotation>
	<folder>car</folder>
	<filename>210.jpg</filename>
	<path>C:\Users\am\Desktop\sanaz\car\210.jpg</path>
	<source>
		<database>Unknown</database>
	</source>
	<size>
		<width>554</width>
		<height>415</height>
		<depth>3</depth>
	</size>
	<segmented>0</segmented>
	<object>
		<name>car</name>
		<pose>Unspecified</pose>
		<truncated>0</truncated>
		<difficult>0</difficult>
		<bndbox>
			<xmin>185</xmin>
			<ymin>195</ymin>
			<xmax>301</xmax>
			<ymax>257</ymax>
		</bndbox>
	</object>
</annotation>
