<annotation>
	<folder>car</folder>
	<filename>211.jpg</filename>
	<path>C:\Users\am\Desktop\sanaz\car\211.jpg</path>
	<source>
		<database>Unknown</database>
	</source>
	<size>
		<width>554</width>
		<height>415</height>
		<depth>3</depth>
	</size>
	<segmented>0</segmented>
	<object>
		<name>car</name>
		<pose>Unspecified</pose>
		<truncated>0</truncated>
		<difficult>0</difficult>
		<bndbox>
			<xmin>132</xmin>
			<ymin>206</ymin>
			<xmax>212</xmax>
			<ymax>238</ymax>
		</bndbox>
	</object>
	<object>
		<name>car</name>
		<pose>Unspecified</pose>
		<truncated>0</truncated>
		<difficult>0</difficult>
		<bndbox>
			<xmin>510</xmin>
			<ymin>41</ymin>
			<xmax>526</xmax>
			<ymax>47</ymax>
		</bndbox>
	</object>
</annotation>
