<annotation>
	<folder>car</folder>
	<filename>218.jpg</filename>
	<path>C:\Users\am\Desktop\sanaz\car\218.jpg</path>
	<source>
		<database>Unknown</database>
	</source>
	<size>
		<width>233</width>
		<height>416</height>
		<depth>3</depth>
	</size>
	<segmented>0</segmented>
	<object>
		<name>car</name>
		<pose>Unspecified</pose>
		<truncated>0</truncated>
		<difficult>0</difficult>
		<bndbox>
			<xmin>87</xmin>
			<ymin>184</ymin>
			<xmax>139</xmax>
			<ymax>195</ymax>
		</bndbox>
	</object>
</annotation>
