<annotation>
	<folder>car</folder>
	<filename>235.jpg</filename>
	<path>C:\Users\am\Desktop\sanaz\car\235.jpg</path>
	<source>
		<database>Unknown</database>
	</source>
	<size>
		<width>1280</width>
		<height>850</height>
		<depth>3</depth>
	</size>
	<segmented>0</segmented>
	<object>
		<name>car</name>
		<pose>Unspecified</pose>
		<truncated>0</truncated>
		<difficult>0</difficult>
		<bndbox>
			<xmin>698</xmin>
			<ymin>529</ymin>
			<xmax>945</xmax>
			<ymax>657</ymax>
		</bndbox>
	</object>
</annotation>
