<annotation>
	<folder>car</folder>
	<filename>236.jpg</filename>
	<path>C:\Users\am\Desktop\sanaz\car\236.jpg</path>
	<source>
		<database>Unknown</database>
	</source>
	<size>
		<width>1000</width>
		<height>541</height>
		<depth>3</depth>
	</size>
	<segmented>0</segmented>
	<object>
		<name>car</name>
		<pose>Unspecified</pose>
		<truncated>0</truncated>
		<difficult>0</difficult>
		<bndbox>
			<xmin>712</xmin>
			<ymin>438</ymin>
			<xmax>857</xmax>
			<ymax>482</ymax>
		</bndbox>
	</object>
</annotation>
