<annotation>
	<folder>car</folder>
	<filename>246.jpg</filename>
	<path>C:\Users\am\Desktop\sanaz\car\246.jpg</path>
	<source>
		<database>Unknown</database>
	</source>
	<size>
		<width>729</width>
		<height>581</height>
		<depth>3</depth>
	</size>
	<segmented>0</segmented>
	<object>
		<name>car</name>
		<pose>Unspecified</pose>
		<truncated>0</truncated>
		<difficult>0</difficult>
		<bndbox>
			<xmin>209</xmin>
			<ymin>381</ymin>
			<xmax>326</xmax>
			<ymax>418</ymax>
		</bndbox>
	</object>
</annotation>
