<annotation>
	<folder>car</folder>
	<filename>305.jpg</filename>
	<path>C:\Users\am\Desktop\sanaz\car\305.jpg</path>
	<source>
		<database>Unknown</database>
	</source>
	<size>
		<width>666</width>
		<height>323</height>
		<depth>3</depth>
	</size>
	<segmented>0</segmented>
	<object>
		<name>car</name>
		<pose>Unspecified</pose>
		<truncated>0</truncated>
		<difficult>0</difficult>
		<bndbox>
			<xmin>288</xmin>
			<ymin>180</ymin>
			<xmax>369</xmax>
			<ymax>201</ymax>
		</bndbox>
	</object>
</annotation>
