<annotation>
	<folder>car</folder>
	<filename>359.jpg</filename>
	<path>C:\Users\am\Desktop\sanaz\car\359.jpg</path>
	<source>
		<database>Unknown</database>
	</source>
	<size>
		<width>312</width>
		<height>416</height>
		<depth>3</depth>
	</size>
	<segmented>0</segmented>
	<object>
		<name>car</name>
		<pose>Unspecified</pose>
		<truncated>0</truncated>
		<difficult>0</difficult>
		<bndbox>
			<xmin>223</xmin>
			<ymin>237</ymin>
			<xmax>283</xmax>
			<ymax>265</ymax>
		</bndbox>
	</object>
	<object>
		<name>car</name>
		<pose>Unspecified</pose>
		<truncated>0</truncated>
		<difficult>0</difficult>
		<bndbox>
			<xmin>275</xmin>
			<ymin>179</ymin>
			<xmax>308</xmax>
			<ymax>198</ymax>
		</bndbox>
	</object>
</annotation>
