<annotation>
	<folder>car</folder>
	<filename>381.jpg</filename>
	<path>C:\Users\am\Desktop\sanaz\car\381.jpg</path>
	<source>
		<database>Unknown</database>
	</source>
	<size>
		<width>417</width>
		<height>415</height>
		<depth>3</depth>
	</size>
	<segmented>0</segmented>
	<object>
		<name>car</name>
		<pose>Unspecified</pose>
		<truncated>0</truncated>
		<difficult>0</difficult>
		<bndbox>
			<xmin>68</xmin>
			<ymin>248</ymin>
			<xmax>144</xmax>
			<ymax>293</ymax>
		</bndbox>
	</object>
</annotation>
