<annotation>
	<folder>car</folder>
	<filename>397.jpg</filename>
	<path>C:\Users\am\Desktop\sanaz\car\397.jpg</path>
	<source>
		<database>Unknown</database>
	</source>
	<size>
		<width>416</width>
		<height>416</height>
		<depth>3</depth>
	</size>
	<segmented>0</segmented>
	<object>
		<name>car</name>
		<pose>Unspecified</pose>
		<truncated>1</truncated>
		<difficult>0</difficult>
		<bndbox>
			<xmin>1</xmin>
			<ymin>172</ymin>
			<xmax>45</xmax>
			<ymax>223</ymax>
		</bndbox>
	</object>
</annotation>
