<annotation>
	<folder>newCar</folder>
	<filename>427.jpg</filename>
	<path>C:\Users\am\Desktop\sanaz\newCar\427.jpg</path>
	<source>
		<database>Unknown</database>
	</source>
	<size>
		<width>666</width>
		<height>374</height>
		<depth>3</depth>
	</size>
	<segmented>0</segmented>
	<object>
		<name>car</name>
		<pose>Unspecified</pose>
		<truncated>0</truncated>
		<difficult>0</difficult>
		<bndbox>
			<xmin>99</xmin>
			<ymin>221</ymin>
			<xmax>174</xmax>
			<ymax>274</ymax>
		</bndbox>
	</object>
</annotation>
